{
    "loss": 1.9970606776321826,
    "perplexity": 7.3673691691148475,
    "num_samples": 147,
    "seq_len": 2048,
    "batch_size": 1
}