{"accuracy": {"accuracy": 0.9185779816513762}, "train_loss": 0.03725311627075543, "epoch": 3, "step": 1408, "_timestamp": 1690543168.5777771, "_runtime": 840.30468916893, "_step": 1408, "_wandb": {"runtime": 839}}