{"accuracy": {"accuracy": 0.9346330275229358}, "train_loss": 0.022131008300346526, "epoch": 3, "step": 1408, "_timestamp": 1690550310.4060552, "_runtime": 1500.2343471050262, "_step": 1408, "_wandb": {"runtime": 1498}}